<Application>
  <Menus>
    <action type="add">


      <!-- Menu del AddOn Distribución y última milla como modulo-->
      <Menu Checked="0" Enabled="1" FatherUID="43520"  Image="" Position="5" String="Distribución" Type="2" UniqueID="dis001"></Menu>
      
      <Menu Checked="0" Enabled="1" FatherUID="dis001" Image="" Position="1" String="Consolidación de Entregas" Type="1" UniqueID="dis_entrega"> </Menu>
      <Menu Checked="0" Enabled="1" FatherUID="dis001" Image="" Position="2" String="Programación de Despachos Automático" Type="1" UniqueID="dis_asigna"></Menu>
      <Menu Checked="0" Enabled="1" FatherUID="dis001" Image="" Position="3" String="Programación de Despachos Manual" Type="1" UniqueID="dis_asigna_Manual"></Menu>

      <Menu Checked="0" Enabled="1" FatherUID="dis001" Image="" Position="4" String="Asistente de Programación de Despachos" Type="1" UniqueID="dis_wizard"></Menu>

      <Menu Checked="0" Enabled="1" FatherUID="dis001" Image="" Position="5" String="Última Milla" Type="2" UniqueID="dis002"></Menu>
      <Menu Checked="0" Enabled="1" FatherUID="dis002" Image="" Position="1" String="Ruta de Despacho" Type="1" UniqueID="dis_rutTra"></Menu>
      <Menu Checked="0" Enabled="1" FatherUID="dis002" Image="" Position="2" String="Seguimiento de Despachos" Type="1" UniqueID="dis_seguimiento"></Menu>
      <Menu Checked="0" Enabled="1" FatherUID="dis002" Image="" Position="2" String="Seguimiento de Despachos Sectoristas" Type="1" UniqueID="dis_seguimientoSec"></Menu>
      <Menu Checked="0" Enabled="1" FatherUID="dis002" Image="" Position="3" String="Estado de Despachos" Type="1" UniqueID="dis_estado"></Menu>

      <Menu Checked="0" Enabled="1" FatherUID="dis001" Image="" Position="6" String="Informes de distribución" Type="2" UniqueID="dis77111"></Menu>
      <Menu Checked="0" Enabled="1" FatherUID="dis77111" Image="" Position="1" String="Resumen Consolidado Agencia Global" Type="1" UniqueID="ResConsAG"></Menu>
      <Menu Checked="0" Enabled="1" FatherUID="dis77111" Image="" Position="2" String="Hoja de Alistado Agencia" Type="1" UniqueID="HAAG"></Menu>
      <Menu Checked="0" Enabled="1" FatherUID="dis77111" Image="" Position="3" String="Kpi - Fill Rate Familia de Productos" Type="1" UniqueID="kpiFPRO"></Menu>
      <Menu Checked="0" Enabled="1" FatherUID="dis77111" Image="" Position="4" String="Kpi - Fill Rate" Type="1" UniqueID="kpiFIRA"></Menu>
      <Menu Checked="0" Enabled="1" FatherUID="dis77111" Image="" Position="5" String="Resumen Consolidado - Global" Type="1" UniqueID="RESGLO"></Menu>
      <Menu Checked="0" Enabled="1" FatherUID="dis77111" Image="" Position="6" String="Ruta de Despacho" Type="1" UniqueID="RUTDES"></Menu>
      <Menu Checked="0" Enabled="1" FatherUID="dis77111" Image="" Position="7" String="Control de Despacho" Type="1" UniqueID="CONTDESP"></Menu>
      <Menu Checked="0" Enabled="1" FatherUID="dis77111" Image="" Position="8" String="Resumen Ruta Choferes" Type="1" UniqueID="RESRUCH"></Menu>
      <Menu Checked="0" Enabled="1" FatherUID="dis77111" Image="" Position="9" String="Detalle Ruta Choferes" Type="1" UniqueID="DERUCH"></Menu>


      
      
      <!--<Menu Checked="0" Enabled="1" FatherUID="dis001" Image="" Position="4" String="Última Milla" Type="2" UniqueID="dis002"></Menu>
      <Menu Checked="0" Enabled="1" FatherUID="dis001" Image="" Position="5" String="Informes de distribución" Type="2" UniqueID="dis777"></Menu>-->

      <!-- <Menu Checked="0" Enabled="1" FatherUID="dis001" Image="" Position="3" String="Asistente de Programación de Despachos" Type="1" UniqueID="dis_wizard">			</Menu>
      <Menu Checked="0" Enabled="1" FatherUID="dis001" Image="" Position="4" String="Última Milla" Type="2" UniqueID="dis002">			</Menu>
      <Menu Checked="0" Enabled="1" FatherUID="dis001" Image="" Position="5" String="Informes de distribución" Type="2" UniqueID="dis777">			</Menu>

      <Menu Checked="0" Enabled="1" FatherUID="dis002" Image="" Position="1" String="Ruta de Despacho" Type="1" UniqueID="dis_rutTra">			</Menu>
      <Menu Checked="0" Enabled="1" FatherUID="dis002" Image="" Position="2" String="Seguimiento de Despachos" Type="1" UniqueID="dis_seguimiento"></Menu>
      <Menu Checked="0" Enabled="1" FatherUID="dis002" Image="" Position="3" String="Seguimiento de Despachos Sectoristas" Type="1" UniqueID="dis_seguimientoSec">			</Menu>
      <Menu Checked="0" Enabled="1" FatherUID="dis002" Image="" Position="4" String="Estado de Despachos " Type="1" UniqueID="dis_estado">			</Menu>
      -->
      <!-- Menu del AddOn Distribución en Informes--><!--
      <Menu Checked="0" Enabled="1" FatherUID="43545" Image="" Position="5" String="Distribución" Type="2" UniqueID="disde888">			</Menu>-->
      
    </action>
  </Menus>
</Application>