<Application>
  <Menus>
    <action type="add">







      <!-- Menu del AddOn Distribución y última milla -->
      <Menu Checked="0" Enabled="1" FatherUID="43520"  Image="" Position="5" String="Distribución" Type="2" UniqueID="dis001">			</Menu>
      <Menu Checked="0" Enabled="1" FatherUID="dis001" Image="" Position="1" String="Consolidación de Entregas" Type="1" UniqueID="dis_entrega">			</Menu>
      <Menu Checked="0" Enabled="1" FatherUID="dis001" Image="" Position="2" String="Programación de Despachos" Type="1" UniqueID="dis_asigna">			</Menu>
      
      <Menu Checked="0" Enabled="1" FatherUID="dis001" Image="" Position="4" String="Asistente de Programación de Despachos" Type="1" UniqueID="dis_wizard">			</Menu>
      <Menu Checked="0" Enabled="1" FatherUID="dis001" Image="" Position="5" String="Última Milla" Type="2" UniqueID="dis002">			</Menu>
      <Menu Checked="0" Enabled="1" FatherUID="dis002" Image="" Position="3" String="Estado de Despachos " Type="1" UniqueID="dis_estado">			</Menu>
      <Menu Checked="0" Enabled="1" FatherUID="dis002" Image="" Position="1" String="Seguimiento de Despachos" Type="1" UniqueID="dis_seguimiento">			</Menu>
      <Menu Checked="0" Enabled="1" FatherUID="dis001" Image="" Position="5" String="Informes de distribución" Type="2" UniqueID="dis777">			</Menu>
      
      <!-- Menu del AddOn Distribución en Definiciones-->
      <Menu Checked="0" Enabled="1" FatherUID="43525"     Image="" Position="5" String="Distribución" Type="2" UniqueID="disdef001">			</Menu>
      <Menu Checked="0" Enabled="1" FatherUID="disdef001" Image="" Position="1" String="Choferes" Type="1" UniqueID="disdef002">			</Menu>
      <Menu Checked="0" Enabled="1" FatherUID="disdef001" Image="" Position="2" String="Ayudantes" Type="1" UniqueID="disdef005">			</Menu>
      <Menu Checked="0" Enabled="1" FatherUID="disdef001" Image="" Position="3" String="Choferes Ubigeo" Type="1" UniqueID="disdef003">			</Menu>
      <Menu Checked="0" Enabled="1" FatherUID="disdef001" Image="" Position="4" String="Vehículos" Type="1" UniqueID="disdef004">			</Menu>

      <!-- Menu del AddOn Distribución en Informes-->
      <Menu Checked="0" Enabled="1" FatherUID="43545" Image="" Position="5" String="Distribución" Type="2" UniqueID="disde888">			</Menu>




    </action>
  </Menus>
</Application>