<Application>
  <Menus>
    <action type="add">


      <!-- Menu del AddOn Distribución y última milla como modulo-->
      <Menu Checked="0" Enabled="1" FatherUID="43520"  Image="" Position="5" String="Distribution" Type="2" UniqueID="dis001"></Menu>
      
      <Menu Checked="0" Enabled="1" FatherUID="dis001" Image="" Position="1" String="Consolidation des livraisons" Type="1" UniqueID="dis_entrega"> </Menu>
      <Menu Checked="0" Enabled="1" FatherUID="dis001" Image="" Position="2" String="Planification automatique des expéditions" Type="1" UniqueID="dis_asigna"></Menu>
      <Menu Checked="0" Enabled="1" FatherUID="dis001" Image="" Position="3" String="Programmation de répartition manuelle" Type="1" UniqueID="dis_asigna_Manual"></Menu>

      <Menu Checked="0" Enabled="1" FatherUID="dis001" Image="" Position="4" String="Adjointe à la planification des expéditions" Type="1" UniqueID="dis_wizard"></Menu>
      <!--<Menu Checked="0" Enabled="1" FatherUID="dis001" Image="" Position="5" String="Actualizar Ruta Despacho" Type="1" UniqueID="dis_005"></Menu>-->
      
      <Menu Checked="0" Enabled="1" FatherUID="dis001" Image="" Position="5" String="Dernier mille" Type="2" UniqueID="dis002"></Menu>
      <Menu Checked="0" Enabled="1" FatherUID="dis002" Image="" Position="1" String="itinéraire d'expédition" Type="1" UniqueID="dis_rutTra"></Menu>
      <Menu Checked="0" Enabled="1" FatherUID="dis002" Image="" Position="2" String="Suivi d'expédition" Type="1" UniqueID="dis_seguimiento"></Menu>
      <!--<Menu Checked="0" Enabled="1" FatherUID="dis002" Image="" Position="2" String="Seguimiento de Despachos Sectoristas" Type="1" UniqueID="dis_seguimientoSec"></Menu>-->
      <Menu Checked="0" Enabled="1" FatherUID="dis002" Image="" Position="3" String="Statut d'expédition" Type="1" UniqueID="dis_estado"></Menu>
      
      <Menu Checked="0" Enabled="1" FatherUID="dis001" Image="" Position="6" String="rapports de diffusion" Type="2" UniqueID="dis77111"></Menu>
   
     <Menu Checked="0" Enabled="1" FatherUID="dis001" Image="" Position="9" String="Entretien du conducteur" Type="2" UniqueID="dis003"></Menu>
     <Menu Checked="0" Enabled="1" FatherUID="dis003" Image="" Position="1" String="Mettre à jour l'IMEI" Type="1" UniqueID="dis_AIMEI"></Menu>
     <Menu Checked="0" Enabled="1" FatherUID="dis003" Image="" Position="2" String="Mettre à jour Ubigeo" Type="1" UniqueID="dis_UPDATEUBI"></Menu>

    </action>
  </Menus>
</Application>