<Application>
  <Menus>
    <action type="add">


      <!-- Menu del AddOn Distribución y última milla como modulo-->
      <Menu Checked="0" Enabled="1" FatherUID="43520"  Image="" Position="5" String="Distribución" Type="2" UniqueID="dis001"></Menu>
      
      <Menu Checked="0" Enabled="1" FatherUID="dis001" Image="" Position="1" String="Consolidación de Entregas" Type="1" UniqueID="dis_entrega"> </Menu>
      <Menu Checked="0" Enabled="1" FatherUID="dis001" Image="" Position="2" String="Programación de Despachos Automático" Type="1" UniqueID="dis_asigna"></Menu>
      <Menu Checked="0" Enabled="1" FatherUID="dis001" Image="" Position="3" String="Programación de Despachos Manual" Type="1" UniqueID="dis_asigna_Manual"></Menu>

      <!-- <Menu Checked="0" Enabled="1" FatherUID="dis001" Image="" Position="4" String="Asistente de Programación de Despachos" Type="1" UniqueID="dis_wizard"></Menu>
     <Menu Checked="0" Enabled="1" FatherUID="dis001" Image="" Position="5" String="Actualizar Ruta Despacho" Type="1" UniqueID="dis_005"></Menu>-->
      
      <Menu Checked="0" Enabled="1" FatherUID="dis001" Image="" Position="4" String="Última Milla" Type="2" UniqueID="dis002"></Menu>
      <Menu Checked="0" Enabled="1" FatherUID="dis002" Image="" Position="1" String="Ruta de Despacho" Type="1" UniqueID="dis_rutTra"></Menu>
      <Menu Checked="0" Enabled="1" FatherUID="dis002" Image="" Position="2" String="Seguimiento de Despachos - Choferes" Type="1" UniqueID="dis_seguimiento"></Menu>
      <Menu Checked="0" Enabled="1" FatherUID="dis002" Image="" Position="3" String="Seguimiento de Despachos - Vendedores" Type="1" UniqueID="dis_DispaTruckVent"></Menu>
      <Menu Checked="0" Enabled="1" FatherUID="dis002" Image="" Position="4" String="Estado de Despachos" Type="1" UniqueID="dis_estado"></Menu>

      <Menu Checked="0" Enabled="1" FatherUID="dis001" Image="" Position="5" String="Informes Ultima Milla" Type="2" UniqueID="dis77111"></Menu>

      <Menu Checked="0" Enabled="1" FatherUID="dis77111" Image="" Position="1" String="Informes Ancón" Type="2" UniqueID="AnconMenu"></Menu>
         <Menu Checked="0" Enabled="1" FatherUID="AnconMenu" Image="" Position="1" String="Indicadores" Type="2" UniqueID="AnconMenuIndicadres"></Menu>
            <Menu Checked="0" Enabled="1" FatherUID="AnconMenu" Image="" Position="2" String="Control Documentario Diario" Type="1" UniqueID="CDD"></Menu>
            <Menu Checked="0" Enabled="1" FatherUID="AnconMenu" Image="" Position="3" String="Hoja de Alistado Resumen - Ancon" Type="1" UniqueID="HAR"></Menu>
            <Menu Checked="0" Enabled="1" FatherUID="AnconMenu" Image="" Position="4" String="Hoja de Consolidado x chofer agencias - Ancon" Type="1" UniqueID="HCXCA"></Menu>
            <Menu Checked="0" Enabled="1" FatherUID="AnconMenu" Image="" Position="5" String="Hoja de Alistado Detalle Agencia - Ancon" Type="1" UniqueID="HCDAA"></Menu>
            <Menu Checked="0" Enabled="1" FatherUID="AnconMenu" Image="" Position="6" String="Hoja de Alistado Agencia (Provincias) - Ancon" Type="1" UniqueID="HAAPA"></Menu>
            <Menu Checked="0" Enabled="1" FatherUID="AnconMenu" Image="" Position="7" String="Resumen de Consolidado - Lima" Type="1" UniqueID="RCL"></Menu>
            <Menu Checked="0" Enabled="1" FatherUID="AnconMenu" Image="" Position="8" String="Hoja de Consolidado Global Agencias - Ancon" Type="1" UniqueID="HCGA"></Menu>
            <Menu Checked="0" Enabled="1" FatherUID="AnconMenu" Image="" Position="9" String="Resumen Consolidado -  Global Lima" Type="1" UniqueID="RCGL"></Menu>
            <Menu Checked="0" Enabled="1" FatherUID="AnconMenu" Image="" Position="10" String="Consolidado Ubicacion" Type="1" UniqueID="CU"></Menu>
            <Menu Checked="0" Enabled="1" FatherUID="AnconMenu" Image="" Position="11" String="Detalle Despacho Choferes - Ultima Milla" Type="1" UniqueID="DDC"></Menu>
            <Menu Checked="0" Enabled="1" FatherUID="AnconMenu" Image="" Position="12" String="Resumen Despacho Choferes - Ultima Milla" Type="1" UniqueID="RDC"></Menu>
            <Menu Checked="0" Enabled="1" FatherUID="AnconMenu" Image="" Position="13" String="Resumen Carga de Agencia" Type="1" UniqueID="RCA"></Menu>
            <Menu Checked="0" Enabled="1" FatherUID="AnconMenu" Image="" Position="14" String="Control de Despacho" Type="1" UniqueID="CD"></Menu>
            <!--INFORMES DISTRIBUCION-->
            <Menu Checked="0" Enabled="1" FatherUID="AnconMenu" Image="" Position="15" String="Solicitud de devolución (artículo)" Type="1" UniqueID="SDA"></Menu>
            <Menu Checked="0" Enabled="1" FatherUID="AnconMenu" Image="" Position="16" String="Resumen Alistado Provincias" Type="1" UniqueID="RAP"></Menu>
            <Menu Checked="0" Enabled="1" FatherUID="AnconMenu" Image="" Position="17" String="Resumen Cilindros - local" Type="1" UniqueID="RCL"></Menu>
            <Menu Checked="0" Enabled="1" FatherUID="AnconMenu" Image="" Position="18" String="Guia Electronica Chofer (Blu/Vis)" Type="1" UniqueID="GECBV"></Menu>
            <Menu Checked="0" Enabled="1" FatherUID="AnconMenu" Image="" Position="19" String="Evaluacion de rentabilidad de reparto" Type="1" UniqueID="ERR"></Menu>
            <Menu Checked="0" Enabled="1" FatherUID="AnconMenu" Image="" Position="20" String="Guia Electronica Chofer Fecha (Blu/Vis)" Type="1" UniqueID="GECFBV"></Menu>
            <Menu Checked="0" Enabled="1" FatherUID="AnconMenu" Image="" Position="21" String="Resumen Consolidado Agencia Global" Type="1" UniqueID="RCAG"></Menu>
            <Menu Checked="0" Enabled="1" FatherUID="AnconMenu" Image="" Position="22" String="Ruta de Despacho" Type="1" UniqueID="RDES"></Menu>
            <Menu Checked="0" Enabled="1" FatherUID="AnconMenu" Image="" Position="23" String="Detalle Seguimiento de Despacho" Type="1" UniqueID="DSD"></Menu>
            <Menu Checked="0" Enabled="1" FatherUID="AnconMenu" Image="" Position="24" String="Guía Electronica por Fecha V3" Type="1" UniqueID="GEXFV"></Menu>
            <Menu Checked="0" Enabled="1" FatherUID="AnconMenu" Image="" Position="25" String="Guia_Electronica SerieAG" Type="1" UniqueID="GESAG"></Menu>


      <Menu Checked="0" Enabled="1" FatherUID="dis77111" Image="" Position="2" String="Informes Sucursales" Type="2" UniqueID="SucursalesMenu"></Menu>
      <Menu Checked="0" Enabled="1" FatherUID="SucursalesMenu" Image="" Position="1" String="Control Documentario Diario" Type="1" UniqueID="CDD2"></Menu>
      <Menu Checked="0" Enabled="1" FatherUID="SucursalesMenu" Image="" Position="2" String="Control de Despacho" Type="1" UniqueID="CD2"></Menu>
      <Menu Checked="0" Enabled="1" FatherUID="SucursalesMenu" Image="" Position="3" String="Hoja Alistado - Chofer Almacen" Type="1" UniqueID="HACA2"></Menu>
      <Menu Checked="0" Enabled="1" FatherUID="SucursalesMenu" Image="" Position="4" String="Resumen Consolidado - Almacenes" Type="1" UniqueID="RCA2"></Menu>

      
      
     <Menu Checked="0" Enabled="1" FatherUID="dis001" Image="" Position="9" String="Mantenimiento de Choferes" Type="2" UniqueID="dis003"></Menu>
     <Menu Checked="0" Enabled="1" FatherUID="dis003" Image="" Position="1" String="Actualizar IMEI" Type="1" UniqueID="dis_AIMEI"></Menu>
     <Menu Checked="0" Enabled="1" FatherUID="dis003" Image="" Position="2" String="Actualizar Ubigeo" Type="1" UniqueID="dis_UPDATEUBI"></Menu>

    </action>
  </Menus>
</Application>