<Application>
  <Menus>
    <action type="add">


      <!-- Menu del AddOn Distribución y última milla como modulo-->
      <Menu Checked="0" Enabled="1" FatherUID="43520"  Image="" Position="5" String="Distribution" Type="2" UniqueID="dis001"></Menu>
      
      <Menu Checked="0" Enabled="1" FatherUID="dis001" Image="" Position="1" String="Consolidation of Deliveries" Type="1" UniqueID="dis_entrega"> </Menu>
      <Menu Checked="0" Enabled="1" FatherUID="dis001" Image="" Position="2" String="Programación de Despachos Automático" Type="1" UniqueID="dis_asigna"></Menu>
      <Menu Checked="0" Enabled="1" FatherUID="dis001" Image="" Position="3" String="Automatic Dispatch Scheduling" Type="1" UniqueID="dis_asigna_Manual"></Menu>

      <Menu Checked="0" Enabled="1" FatherUID="dis001" Image="" Position="4" String="Dispatch Scheduling Assistant" Type="1" UniqueID="dis_wizard"></Menu>
      <!--<Menu Checked="0" Enabled="1" FatherUID="dis001" Image="" Position="5" String="Actualizar Ruta Despacho" Type="1" UniqueID="dis_005"></Menu>-->
      
      <Menu Checked="0" Enabled="1" FatherUID="dis001" Image="" Position="5" String="Last Mille" Type="2" UniqueID="dis002"></Menu>
      <Menu Checked="0" Enabled="1" FatherUID="dis002" Image="" Position="1" String="dispatch route" Type="1" UniqueID="dis_rutTra"></Menu>
      <Menu Checked="0" Enabled="1" FatherUID="dis002" Image="" Position="2" String="Dispatch Tracking" Type="1" UniqueID="dis_seguimiento"></Menu>
      <!--<Menu Checked="0" Enabled="1" FatherUID="dis002" Image="" Position="2" String="Seguimiento de Despachos Sectoristas" Type="1" UniqueID="dis_seguimientoSec"></Menu>-->
      <Menu Checked="0" Enabled="1" FatherUID="dis002" Image="" Position="3" String="Dispatch Status" Type="1" UniqueID="dis_estado"></Menu>
      
      <Menu Checked="0" Enabled="1" FatherUID="dis001" Image="" Position="6" String="distribution reports" Type="2" UniqueID="dis77111"></Menu>

     <Menu Checked="0" Enabled="1" FatherUID="dis001" Image="" Position="9" String="Driver Maintenance" Type="2" UniqueID="dis003"></Menu>
     <Menu Checked="0" Enabled="1" FatherUID="dis003" Image="" Position="1" String="Update IMEI" Type="1" UniqueID="dis_AIMEI"></Menu>
     <Menu Checked="0" Enabled="1" FatherUID="dis003" Image="" Position="2" String="Update Ubigeo" Type="1" UniqueID="dis_UPDATEUBI"></Menu>

    </action>
  </Menus>
</Application>